variable_name,units,value,data_reference
E_L2_E0,J_per_m3,180977.76812575106,TO_DO
l_L2_E0,metre,3.6394e-06,TO_DO
r_0_L2_E0,metre,8.536e-07,TO_DO
u_0_L2_E0,J_per_m3,1.3839703899780944e-12,TO_DO
u_ext_L2_E0,J_per_m3,0.0,TO_DO
theta_L2_E0,dimensionless,0.0,TO_DO
beta_g,dimensionless,0.0,user_defined
rho,Js2_per_m5,1040.0,known
mu,Js_per_m3,0.004,known
g,m_per_s2,9.81,known
a_vessel,dimensionless,0.2802,Avolio_1980
b_vessel,per_m,-505.3,Avolio_1980
c_vessel,dimensionless,0.1324,Avolio_1980
d_vessel,per_m,-11.14,Avolio_1980
u_ext_L2_E1,J_per_m3,0.0,TO_DO
u_0_L2_E1,J_per_m3,-2.982844794885348e-13,TO_DO
theta_L2_E1,dimensionless,0.0,TO_DO
E_L2_E1,J_per_m3,179513.96360683476,TO_DO
l_L2_E1,metre,2.1252e-06,TO_DO
r_0_L2_E1,metre,4.1679999999999997e-07,TO_DO
E_L2_E2,J_per_m3,182228.2866058121,TO_DO
l_L2_E2,metre,1.0537800000000001e-05,TO_DO
r_0_L2_E2,metre,2.0923e-06,TO_DO
u_0_L2_E2,J_per_m3,4.5323380465367435e-13,TO_DO
u_ext_L2_E2,J_per_m3,0.0,TO_DO
theta_L2_E2,dimensionless,0.0,TO_DO
E_L2_E3,J_per_m3,162953.2880989014,TO_DO
l_L2_E3,metre,8.892200000000001e-06,TO_DO
r_0_L2_E3,metre,9.268999999999999e-07,TO_DO
u_0_L2_E3,J_per_m3,2.4590017522196916e-12,TO_DO
u_ext_L2_E3,J_per_m3,0.0,TO_DO
theta_L2_E3,dimensionless,0.0,TO_DO
E_L2_E4,J_per_m3,181652.12541447987,TO_DO
l_L2_E4,metre,5.4477e-06,TO_DO
r_0_L2_E4,metre,1.973e-06,TO_DO
u_0_L2_E4,J_per_m3,4.367569793462583e-08,TO_DO
u_ext_L2_E4,J_per_m3,0.0,TO_DO
theta_L2_E4,dimensionless,0.0,TO_DO
E_L2_E5,J_per_m3,198831.27427073303,TO_DO
l_L2_E5,metre,8.066599999999998e-06,TO_DO
r_0_L2_E5,metre,1.4761e-06,TO_DO
u_0_L2_E5,J_per_m3,1.1071463738854259e-08,TO_DO
u_ext_L2_E5,J_per_m3,0.0,TO_DO
theta_L2_E5,dimensionless,0.0,TO_DO
E_L2_E6,J_per_m3,159287.76659072776,TO_DO
l_L2_E6,metre,5.4995e-06,TO_DO
r_0_L2_E6,metre,1.7974e-06,TO_DO
u_0_L2_E6,J_per_m3,4.952156018589449e-07,TO_DO
u_ext_L2_E6,J_per_m3,0.0,TO_DO
theta_L2_E6,dimensionless,0.0,TO_DO
E_L2_E7,J_per_m3,126905.1498798032,TO_DO
l_L2_E7,metre,2.182e-06,TO_DO
r_0_L2_E7,metre,3.6398e-06,TO_DO
u_0_L2_E7,J_per_m3,2.0579498993811285e-08,TO_DO
u_ext_L2_E7,J_per_m3,0.0,TO_DO
theta_L2_E7,dimensionless,0.0,TO_DO
E_L2_E8,J_per_m3,108671.50084308271,TO_DO
l_L2_E8,metre,2.0977999999999996e-06,TO_DO
r_0_L2_E8,metre,3.6398e-06,TO_DO
u_0_L2_E8,J_per_m3,5.027089855502709e-12,TO_DO
u_ext_L2_E8,J_per_m3,0.0,TO_DO
theta_L2_E8,dimensionless,0.0,TO_DO
E_L2_E9,J_per_m3,94853.28552830071,TO_DO
l_L2_E9,metre,3.5365e-06,TO_DO
r_0_L2_E9,metre,8.8138e-06,TO_DO
u_0_L2_E9,J_per_m3,97.65024199458983,TO_DO
u_ext_L2_E9,J_per_m3,0.0,TO_DO
theta_L2_E9,dimensionless,0.0,TO_DO
E_L2_E10,J_per_m3,176766.0999021258,TO_DO
l_L2_E10,metre,4.3762e-06,TO_DO
r_0_L2_E10,metre,7.8418e-06,TO_DO
u_0_L2_E10,J_per_m3,10.008100276736224,TO_DO
u_ext_L2_E10,J_per_m3,0.0,TO_DO
theta_L2_E10,dimensionless,0.0,TO_DO
u_ext_L2_E11,J_per_m3,0.0,TO_DO
u_0_L2_E11,J_per_m3,0.006822082944406782,TO_DO
theta_L2_E11,dimensionless,0.0,TO_DO
E_L2_E11,J_per_m3,117763.94342497666,TO_DO
l_L2_E11,metre,5.1768999999999995e-06,TO_DO
r_0_L2_E11,metre,1.11957e-05,TO_DO
E_L2_E12,J_per_m3,144020.12223157764,TO_DO
l_L2_E12,metre,6.949999999999999e-07,TO_DO
r_0_L2_E12,metre,1.09064e-05,TO_DO
u_0_L2_E12,J_per_m3,6.652226244100612,TO_DO
u_ext_L2_E12,J_per_m3,0.0,TO_DO
theta_L2_E12,dimensionless,0.0,TO_DO
E_L2_E13,J_per_m3,138056.9683803144,TO_DO
l_L2_E13,metre,3.683e-07,TO_DO
r_0_L2_E13,metre,3.5889999999999996e-07,TO_DO
u_0_L2_E13,J_per_m3,0.0035064412993506267,TO_DO
u_ext_L2_E13,J_per_m3,0.0,TO_DO
theta_L2_E13,dimensionless,0.0,TO_DO
u_ext_L2_E14,J_per_m3,0.0,TO_DO
u_0_L2_E14,J_per_m3,8.824428294918306,TO_DO
theta_L2_E14,dimensionless,0.0,TO_DO
E_L2_E14,J_per_m3,138938.24212093896,TO_DO
l_L2_E14,metre,2.6956e-06,TO_DO
r_0_L2_E14,metre,1.28443e-05,TO_DO
E_L2_E15,J_per_m3,215458.42029938017,TO_DO
l_L2_E15,metre,2.7313e-06,TO_DO
r_0_L2_E15,metre,7.8501e-06,TO_DO
u_0_L2_E15,J_per_m3,1.7173327905888414,TO_DO
u_ext_L2_E15,J_per_m3,0.0,TO_DO
theta_L2_E15,dimensionless,0.0,TO_DO
E_L2_E16,J_per_m3,166826.02472763287,TO_DO
l_L2_E16,metre,2.1908e-06,TO_DO
r_0_L2_E16,metre,7.6926e-06,TO_DO
u_0_L2_E16,J_per_m3,88.76665773346362,TO_DO
u_ext_L2_E16,J_per_m3,0.0,TO_DO
theta_L2_E16,dimensionless,0.0,TO_DO
E_L2_E17,J_per_m3,117383.07626858386,TO_DO
l_L2_E17,metre,4.359600000000001e-06,TO_DO
r_0_L2_E17,metre,9.351100000000001e-06,TO_DO
u_0_L2_E17,J_per_m3,0.0424610851913485,TO_DO
u_ext_L2_E17,J_per_m3,0.0,TO_DO
theta_L2_E17,dimensionless,0.0,TO_DO
E_L2_E18,J_per_m3,133915.30196938684,TO_DO
l_L2_E18,metre,5.725299999999999e-06,TO_DO
r_0_L2_E18,metre,1.04593e-05,TO_DO
u_0_L2_E18,J_per_m3,2.170141883144325,TO_DO
u_ext_L2_E18,J_per_m3,0.0,TO_DO
theta_L2_E18,dimensionless,0.0,TO_DO
E_L2_E19,J_per_m3,155247.7140776121,TO_DO
l_L2_E19,metre,1.3041e-06,TO_DO
r_0_L2_E19,metre,7.5609e-06,TO_DO
u_0_L2_E19,J_per_m3,0.23535613417777768,TO_DO
theta_L2_E19,dimensionless,0.0,TO_DO
u_ext_L2_E19,J_per_m3,0.0,TO_DO
E_L2_E20,J_per_m3,163445.44885521877,TO_DO
l_L2_E20,metre,5.57e-07,TO_DO
r_0_L2_E20,metre,1.54474e-05,TO_DO
u_0_L2_E20,J_per_m3,552.4470020938865,TO_DO
u_ext_L2_E20,J_per_m3,0.0,TO_DO
theta_L2_E20,dimensionless,0.0,TO_DO
E_L2_E21,J_per_m3,125287.18425295711,TO_DO
l_L2_E21,metre,6.524999999999999e-07,TO_DO
r_0_L2_E21,metre,7.4963e-06,TO_DO
u_0_L2_E21,J_per_m3,0.06605121192892227,TO_DO
u_ext_L2_E21,J_per_m3,0.0,TO_DO
theta_L2_E21,dimensionless,0.0,TO_DO
E_L2_E22,J_per_m3,244377.56453289665,TO_DO
l_L2_E22,metre,3.3665e-06,TO_DO
r_0_L2_E22,metre,6.6032e-06,TO_DO
u_0_L2_E22,J_per_m3,0.005618985330517745,TO_DO
u_ext_L2_E22,J_per_m3,0.0,TO_DO
theta_L2_E22,dimensionless,0.0,TO_DO
E_L2_E23,J_per_m3,136289.51672211266,TO_DO
l_L2_E23,metre,3.5863e-06,TO_DO
r_0_L2_E23,metre,1.7169899999999996e-05,TO_DO
u_0_L2_E23,J_per_m3,81.15073648998391,TO_DO
u_ext_L2_E23,J_per_m3,0.0,TO_DO
theta_L2_E23,dimensionless,0.0,TO_DO
E_L2_E24,J_per_m3,126695.44288346832,TO_DO
l_L2_E24,metre,2.8405999999999995e-06,TO_DO
r_0_L2_E24,metre,1.7297999999999996e-05,TO_DO
u_0_L2_E24,J_per_m3,30.926392409520986,TO_DO
u_ext_L2_E24,J_per_m3,0.0,TO_DO
theta_L2_E24,dimensionless,0.0,TO_DO
E_L2_E25,J_per_m3,124244.75616516356,TO_DO
l_L2_E25,metre,1.2675e-06,TO_DO
r_0_L2_E25,metre,4.9291e-06,TO_DO
u_0_L2_E25,J_per_m3,1.9938715964118447e-05,TO_DO
u_ext_L2_E25,J_per_m3,0.0,TO_DO
theta_L2_E25,dimensionless,0.0,TO_DO
E_L2_E26,J_per_m3,171177.3359162358,TO_DO
l_L2_E26,metre,6.286e-07,TO_DO
r_0_L2_E26,metre,4.9291e-06,TO_DO
u_0_L2_E26,J_per_m3,2.7170102672502416e-05,TO_DO
u_ext_L2_E26,J_per_m3,0.0,TO_DO
theta_L2_E26,dimensionless,0.0,TO_DO
E_L2_E27,J_per_m3,227758.57979520183,TO_DO
l_L2_E27,metre,1.9112e-06,TO_DO
r_0_L2_E27,metre,1.4794399999999998e-05,TO_DO
u_0_L2_E27,J_per_m3,384.8621307572446,TO_DO
u_ext_L2_E27,J_per_m3,0.0,TO_DO
theta_L2_E27,dimensionless,0.0,TO_DO
u_ext_L2_E28,J_per_m3,0.0,TO_DO
u_0_L2_E28,J_per_m3,0.01874829475653428,TO_DO
theta_L2_E28,dimensionless,0.0,TO_DO
E_L2_E28,J_per_m3,120115.90417569342,TO_DO
l_L2_E28,metre,5.4614e-06,TO_DO
r_0_L2_E28,metre,7.7575e-06,TO_DO
E_L2_E29,J_per_m3,124957.2576118419,TO_DO
l_L2_E29,metre,6.7270999999999995e-06,TO_DO
r_0_L2_E29,metre,6.5134999999999996e-06,TO_DO
u_0_L2_E29,J_per_m3,9.046087257047475e-08,TO_DO
u_ext_L2_E29,J_per_m3,0.0,TO_DO
theta_L2_E29,dimensionless,0.0,TO_DO
E_L2_E30,J_per_m3,130786.48808235755,TO_DO
l_L2_E30,metre,4.4894e-06,TO_DO
r_0_L2_E30,metre,6.3723e-06,TO_DO
u_0_L2_E30,J_per_m3,0.00013108065414257908,TO_DO
u_ext_L2_E30,J_per_m3,0.0,TO_DO
theta_L2_E30,dimensionless,0.0,TO_DO
E_L2_E31,J_per_m3,158511.61111500883,TO_DO
l_L2_E31,metre,4.597699999999999e-06,TO_DO
r_0_L2_E31,metre,1.5422599999999997e-05,TO_DO
u_0_L2_E31,J_per_m3,183.92661830592021,TO_DO
theta_L2_E31,dimensionless,0.0,TO_DO
u_ext_L2_E31,J_per_m3,0.0,TO_DO
E_L2_E32,J_per_m3,83224.95388217257,TO_DO
l_L2_E32,metre,2.5615e-06,TO_DO
r_0_L2_E32,metre,4.8034e-06,TO_DO
u_0_L2_E32,J_per_m3,3.69911076347762e-06,TO_DO
theta_L2_E32,dimensionless,0.0,TO_DO
u_ext_L2_E32,J_per_m3,0.0,TO_DO
E_L2_E33,J_per_m3,187772.8629481747,TO_DO
l_L2_E33,metre,2.0506e-06,TO_DO
r_0_L2_E33,metre,6.8989999999999995e-06,TO_DO
u_0_L2_E33,J_per_m3,2.849720264387493e-05,TO_DO
u_ext_L2_E33,J_per_m3,0.0,TO_DO
theta_L2_E33,dimensionless,0.0,TO_DO
E_L2_E34,J_per_m3,183168.76731345337,TO_DO
l_L2_E34,metre,5.7819e-06,TO_DO
r_0_L2_E34,metre,6.132799999999999e-06,TO_DO
u_0_L2_E34,J_per_m3,1.3726015587851794e-07,TO_DO
u_ext_L2_E34,J_per_m3,0.0,TO_DO
theta_L2_E34,dimensionless,0.0,TO_DO
E_L2_E35,J_per_m3,194901.52192779034,TO_DO
l_L2_E35,metre,1.4516e-06,TO_DO
r_0_L2_E35,metre,9.549899999999998e-06,TO_DO
u_0_L2_E35,J_per_m3,0.00030018609336934787,TO_DO
u_ext_L2_E35,J_per_m3,0.0,TO_DO
theta_L2_E35,dimensionless,0.0,TO_DO
E_L2_E36,J_per_m3,126902.23714810297,TO_DO
l_L2_E36,metre,7.726899999999999e-06,TO_DO
r_0_L2_E36,metre,3.6197e-06,TO_DO
u_0_L2_E36,J_per_m3,4.851488326293789e-05,TO_DO
u_ext_L2_E36,J_per_m3,0.0,TO_DO
theta_L2_E36,dimensionless,0.0,TO_DO
u_ext_L2_E37,J_per_m3,0.0,TO_DO
u_0_L2_E37,J_per_m3,769.0520370232543,TO_DO
theta_L2_E37,dimensionless,0.0,TO_DO
E_L2_E37,J_per_m3,146557.1173638545,TO_DO
l_L2_E37,metre,3.0485e-06,TO_DO
r_0_L2_E37,metre,8.6773e-06,TO_DO
u_ext_L2_E38,J_per_m3,0.0,TO_DO
u_0_L2_E38,J_per_m3,0.4372220626080262,TO_DO
theta_L2_E38,dimensionless,0.0,TO_DO
E_L2_E38,J_per_m3,119156.66301562765,TO_DO
l_L2_E38,metre,3.3469e-06,TO_DO
r_0_L2_E38,metre,3.8119e-06,TO_DO
E_L2_E39,J_per_m3,242821.6263467157,TO_DO
l_L2_E39,metre,4.964e-06,TO_DO
r_0_L2_E39,metre,6.687e-06,TO_DO
u_0_L2_E39,J_per_m3,53.1373642263337,TO_DO
u_ext_L2_E39,J_per_m3,0.0,TO_DO
theta_L2_E39,dimensionless,0.0,TO_DO
E_L2_E40,J_per_m3,126971.07458663464,TO_DO
l_L2_E40,metre,2.7038000000000003e-06,TO_DO
r_0_L2_E40,metre,5.2353e-06,TO_DO
u_0_L2_E40,J_per_m3,19.587207786759542,TO_DO
u_ext_L2_E40,J_per_m3,0.0,TO_DO
theta_L2_E40,dimensionless,0.0,TO_DO
E_L2_E41,J_per_m3,172411.41313736312,TO_DO
l_L2_E41,metre,3.0407e-06,TO_DO
r_0_L2_E41,metre,4.9821e-06,TO_DO
u_0_L2_E41,J_per_m3,0.013565048396166901,TO_DO
u_ext_L2_E41,J_per_m3,0.0,TO_DO
theta_L2_E41,dimensionless,0.0,TO_DO
E_L2_E42,J_per_m3,183514.64553211178,TO_DO
l_L2_E42,metre,6.6947e-06,TO_DO
r_0_L2_E42,metre,9.411e-07,TO_DO
u_0_L2_E42,J_per_m3,2.2543780246142576e-12,TO_DO
u_ext_L2_E42,J_per_m3,0.0,TO_DO
theta_L2_E42,dimensionless,0.0,TO_DO
E_L2_E43,J_per_m3,151169.10780426534,TO_DO
l_L2_E43,metre,9.4402e-06,TO_DO
r_0_L2_E43,metre,4.250499999999999e-06,TO_DO
u_0_L2_E43,J_per_m3,1.6358312890929483e-06,TO_DO
u_ext_L2_E43,J_per_m3,0.0,TO_DO
theta_L2_E43,dimensionless,0.0,TO_DO
E_L2_E44,J_per_m3,204408.69298741146,TO_DO
l_L2_E44,metre,9.944e-06,TO_DO
r_0_L2_E44,metre,1.6003e-06,TO_DO
u_0_L2_E44,J_per_m3,1.2432952934760336e-08,TO_DO
u_ext_L2_E44,J_per_m3,0.0,TO_DO
theta_L2_E44,dimensionless,0.0,TO_DO
E_L2_E45,J_per_m3,170061.33939766994,TO_DO
l_L2_E45,metre,1.0651899999999999e-05,TO_DO
r_0_L2_E45,metre,2.2414e-06,TO_DO
u_0_L2_E45,J_per_m3,0.17708758754131448,TO_DO
u_ext_L2_E45,J_per_m3,0.0,TO_DO
theta_L2_E45,dimensionless,0.0,TO_DO
u_ext_L2_E46,J_per_m3,0.0,TO_DO
u_0_L2_E46,J_per_m3,0.03487402853707105,TO_DO
theta_L2_E46,dimensionless,0.0,TO_DO
E_L2_E46,J_per_m3,173457.74310916598,TO_DO
l_L2_E46,metre,3.6499999999999998e-06,TO_DO
r_0_L2_E46,metre,1.1422e-06,TO_DO
E_L2_E47,J_per_m3,134977.765333183,TO_DO
l_L2_E47,metre,7.197e-06,TO_DO
r_0_L2_E47,metre,3.0725e-06,TO_DO
u_0_L2_E47,J_per_m3,9.225449406146623,TO_DO
u_ext_L2_E47,J_per_m3,0.0,TO_DO
theta_L2_E47,dimensionless,0.0,TO_DO
E_L2_E48,J_per_m3,134760.9117217377,TO_DO
l_L2_E48,metre,4.021799999999999e-06,TO_DO
r_0_L2_E48,metre,4.1952999999999995e-06,TO_DO
u_0_L2_E48,J_per_m3,56.682254057469514,TO_DO
u_ext_L2_E48,J_per_m3,0.0,TO_DO
theta_L2_E48,dimensionless,0.0,TO_DO
E_L2_E49,J_per_m3,108066.37188149,TO_DO
l_L2_E49,metre,2.2926999999999997e-06,TO_DO
r_0_L2_E49,metre,5.7122e-06,TO_DO
u_0_L2_E49,J_per_m3,1.1217561601828407e-11,TO_DO
theta_L2_E49,dimensionless,0.0,TO_DO
u_ext_L2_E49,J_per_m3,0.0,TO_DO
u_ext_L2_E50,J_per_m3,0.0,TO_DO
u_0_L2_E50,J_per_m3,4.261266894900473e-10,TO_DO
theta_L2_E50,dimensionless,0.0,TO_DO
E_L2_E50,J_per_m3,216000.36619504436,TO_DO
l_L2_E50,metre,2.891e-06,TO_DO
r_0_L2_E50,metre,4.5162e-06,TO_DO
E_L2_E51,J_per_m3,150668.54093944433,TO_DO
l_L2_E51,metre,1.2394e-06,TO_DO
r_0_L2_E51,metre,3.0179e-06,TO_DO
u_0_L2_E51,J_per_m3,8.018802333253916e-08,TO_DO
u_ext_L2_E51,J_per_m3,0.0,TO_DO
theta_L2_E51,dimensionless,0.0,TO_DO
E_L2_E52,J_per_m3,114324.39657239977,TO_DO
l_L2_E52,metre,2.1227e-06,TO_DO
r_0_L2_E52,metre,3.7945999999999996e-06,TO_DO
u_0_L2_E52,J_per_m3,9.078256702987897e-06,TO_DO
u_ext_L2_E52,J_per_m3,0.0,TO_DO
theta_L2_E52,dimensionless,0.0,TO_DO
E_L2_E53,J_per_m3,208791.07997211168,TO_DO
l_L2_E53,metre,5.9685e-06,TO_DO
r_0_L2_E53,metre,7.113e-06,TO_DO
u_0_L2_E53,J_per_m3,0.000522092197627444,TO_DO
u_ext_L2_E53,J_per_m3,0.0,TO_DO
theta_L2_E53,dimensionless,0.0,TO_DO
E_L2_E54,J_per_m3,151849.3306747822,TO_DO
l_L2_E54,metre,6.1578e-06,TO_DO
r_0_L2_E54,metre,5.21e-07,TO_DO
u_0_L2_E54,J_per_m3,-2.2737367544323206e-13,TO_DO
u_ext_L2_E54,J_per_m3,0.0,TO_DO
theta_L2_E54,dimensionless,0.0,TO_DO
E_L2_E55,J_per_m3,127220.50868448653,TO_DO
l_L2_E55,metre,8.1606e-06,TO_DO
r_0_L2_E55,metre,1.1956999999999998e-06,TO_DO
u_0_L2_E55,J_per_m3,5.011358173544206e-11,TO_DO
u_ext_L2_E55,J_per_m3,0.0,TO_DO
theta_L2_E55,dimensionless,0.0,TO_DO
E_L2_E56,J_per_m3,196222.50082150238,TO_DO
l_L2_E56,metre,9.818999999999999e-07,TO_DO
r_0_L2_E56,metre,4.3933e-06,TO_DO
u_0_L2_E56,J_per_m3,8.934845642620537e-07,TO_DO
theta_L2_E56,dimensionless,0.0,TO_DO
u_ext_L2_E56,J_per_m3,0.0,TO_DO
u_ext_L2_E57,J_per_m3,0.0,TO_DO
u_0_L2_E57,J_per_m3,8.854397071900166e-05,TO_DO
theta_L2_E57,dimensionless,0.0,TO_DO
E_L2_E57,J_per_m3,196627.73554273395,TO_DO
l_L2_E57,metre,6.660899999999999e-06,TO_DO
r_0_L2_E57,metre,2.8923e-06,TO_DO
E_L2_E58,J_per_m3,127564.28017033225,TO_DO
l_L2_E58,metre,3.1712e-06,TO_DO
r_0_L2_E58,metre,5.138899999999999e-06,TO_DO
u_0_L2_E58,J_per_m3,0.03946461827387715,TO_DO
u_ext_L2_E58,J_per_m3,0.0,TO_DO
theta_L2_E58,dimensionless,0.0,TO_DO
E_L2_E59,J_per_m3,122162.12883690478,TO_DO
l_L2_E59,metre,5.6906999999999996e-06,TO_DO
r_0_L2_E59,metre,8.4435e-06,TO_DO
u_0_L2_E59,J_per_m3,1.0383128579185268,TO_DO
theta_L2_E59,dimensionless,0.0,TO_DO
u_ext_L2_E59,J_per_m3,0.0,TO_DO
E_L2_E60,J_per_m3,118991.75808855674,TO_DO
l_L2_E60,metre,1.33927e-05,TO_DO
r_0_L2_E60,metre,1.9594e-06,TO_DO
u_0_L2_E60,J_per_m3,0.003169823592600096,TO_DO
theta_L2_E60,dimensionless,0.0,TO_DO
u_ext_L2_E60,J_per_m3,0.0,TO_DO
u_ext_L2_E61,J_per_m3,0.0,TO_DO
u_0_L2_E61,J_per_m3,12.847324823608744,TO_DO
theta_L2_E61,dimensionless,0.0,TO_DO
E_L2_E61,J_per_m3,118140.26823528786,TO_DO
l_L2_E61,metre,1.3729e-06,TO_DO
r_0_L2_E61,metre,7.1666999999999995e-06,TO_DO
E_L2_E62,J_per_m3,160268.06351282017,TO_DO
l_L2_E62,metre,4.359600000000001e-06,TO_DO
r_0_L2_E62,metre,4.5631e-06,TO_DO
u_0_L2_E62,J_per_m3,2.106038294868995e-06,TO_DO
u_ext_L2_E62,J_per_m3,0.0,TO_DO
theta_L2_E62,dimensionless,0.0,TO_DO
E_L2_E63,J_per_m3,117840.34537860905,TO_DO
l_L2_E63,metre,3.0109e-06,TO_DO
r_0_L2_E63,metre,6.108399999999999e-06,TO_DO
u_0_L2_E63,J_per_m3,0.00011790975296577244,TO_DO
u_ext_L2_E63,J_per_m3,0.0,TO_DO
theta_L2_E63,dimensionless,0.0,TO_DO
E_L2_E64,J_per_m3,88581.27959524406,TO_DO
l_L2_E64,metre,2.2677999999999997e-06,TO_DO
r_0_L2_E64,metre,7.607e-06,TO_DO
u_0_L2_E64,J_per_m3,0.0016370419310760553,TO_DO
u_ext_L2_E64,J_per_m3,0.0,TO_DO
theta_L2_E64,dimensionless,0.0,TO_DO
E_L2_E65,J_per_m3,107178.46180614969,TO_DO
l_L2_E65,metre,7.085799999999999e-06,TO_DO
r_0_L2_E65,metre,5.4410999999999995e-06,TO_DO
u_0_L2_E65,J_per_m3,1.0390088789336005e-10,TO_DO
u_ext_L2_E65,J_per_m3,0.0,TO_DO
theta_L2_E65,dimensionless,0.0,TO_DO
E_L2_E66,J_per_m3,256046.21933511115,TO_DO
l_L2_E66,metre,2.7859e-06,TO_DO
r_0_L2_E66,metre,7.6686e-06,TO_DO
u_0_L2_E66,J_per_m3,4.163609901297605e-09,TO_DO
theta_L2_E66,dimensionless,0.0,TO_DO
u_ext_L2_E66,J_per_m3,0.0,TO_DO
E_L2_E67,J_per_m3,140872.17508329503,TO_DO
l_L2_E67,metre,8.353e-07,TO_DO
r_0_L2_E67,metre,6.826699999999999e-06,TO_DO
u_0_L2_E67,J_per_m3,1.25924628302189,TO_DO
u_ext_L2_E67,J_per_m3,0.0,TO_DO
theta_L2_E67,dimensionless,0.0,TO_DO
E_L2_E68,J_per_m3,151257.71034027621,TO_DO
l_L2_E68,metre,8.1446e-06,TO_DO
r_0_L2_E68,metre,4.5201999999999995e-06,TO_DO
u_0_L2_E68,J_per_m3,0.013997742138798614,TO_DO
theta_L2_E68,dimensionless,0.0,TO_DO
u_ext_L2_E68,J_per_m3,0.0,TO_DO
E_L2_E69,J_per_m3,204154.44522210688,TO_DO
l_L2_E69,metre,6.716e-06,TO_DO
r_0_L2_E69,metre,1.08286e-05,TO_DO
u_0_L2_E69,J_per_m3,0.0012234395005279453,TO_DO
theta_L2_E69,dimensionless,0.0,TO_DO
u_ext_L2_E69,J_per_m3,0.0,TO_DO
u_ext_L2_E70,J_per_m3,0.0,TO_DO
u_0_L2_E70,J_per_m3,13.558075663863292,TO_DO
theta_L2_E70,dimensionless,0.0,TO_DO
E_L2_E70,J_per_m3,113949.16031170411,TO_DO
l_L2_E70,metre,5.8997e-06,TO_DO
r_0_L2_E70,metre,1.40511e-05,TO_DO
E_L2_E71,J_per_m3,158574.10962556367,TO_DO
l_L2_E71,metre,4.4706e-06,TO_DO
r_0_L2_E71,metre,1.01233e-05,TO_DO
u_0_L2_E71,J_per_m3,2.503372814812053,TO_DO
u_ext_L2_E71,J_per_m3,0.0,TO_DO
theta_L2_E71,dimensionless,0.0,TO_DO
E_L2_E72,J_per_m3,169021.93879203062,TO_DO
l_L2_E72,metre,4.422799999999999e-06,TO_DO
r_0_L2_E72,metre,6.7245e-06,TO_DO
u_0_L2_E72,J_per_m3,0.19745601762181586,TO_DO
u_ext_L2_E72,J_per_m3,0.0,TO_DO
theta_L2_E72,dimensionless,0.0,TO_DO
E_L2_E73,J_per_m3,138427.80165228897,TO_DO
l_L2_E73,metre,8.8786e-06,TO_DO
r_0_L2_E73,metre,4.8662999999999995e-06,TO_DO
u_0_L2_E73,J_per_m3,0.002400495560048732,TO_DO
theta_L2_E73,dimensionless,0.0,TO_DO
u_ext_L2_E73,J_per_m3,0.0,TO_DO
E_L2_E74,J_per_m3,173515.63849811172,TO_DO
l_L2_E74,metre,7.5998e-06,TO_DO
r_0_L2_E74,metre,1.1614000000000001e-05,TO_DO
u_0_L2_E74,J_per_m3,41.32552413268111,TO_DO
u_ext_L2_E74,J_per_m3,0.0,TO_DO
theta_L2_E74,dimensionless,0.0,TO_DO
E_L2_E75,J_per_m3,198107.11696647835,TO_DO
l_L2_E75,metre,5.846e-07,TO_DO
r_0_L2_E75,metre,9.247e-06,TO_DO
u_0_L2_E75,J_per_m3,164.27691256459985,TO_DO
u_ext_L2_E75,J_per_m3,0.0,TO_DO
theta_L2_E75,dimensionless,0.0,TO_DO
u_ext_L2_E76,J_per_m3,0.0,TO_DO
u_0_L2_E76,J_per_m3,0.2950314229137234,TO_DO
theta_L2_E76,dimensionless,0.0,TO_DO
E_L2_E76,J_per_m3,141906.33383382478,TO_DO
l_L2_E76,metre,2.6101e-06,TO_DO
r_0_L2_E76,metre,8.3631e-06,TO_DO
u_ext_L2_E77,J_per_m3,0.0,TO_DO
u_0_L2_E77,J_per_m3,0.059386049459178025,TO_DO
theta_L2_E77,dimensionless,0.0,TO_DO
E_L2_E77,J_per_m3,64995.20261928794,TO_DO
l_L2_E77,metre,8.693999999999999e-07,TO_DO
r_0_L2_E77,metre,7.7777e-06,TO_DO
u_ext_L2_E78,J_per_m3,0.0,TO_DO
u_0_L2_E78,J_per_m3,0.0003379992409966448,TO_DO
theta_L2_E78,dimensionless,0.0,TO_DO
E_L2_E78,J_per_m3,189338.39279880177,TO_DO
l_L2_E78,metre,1.052e-06,TO_DO
r_0_L2_E78,metre,5.3555e-06,TO_DO
E_L2_E79,J_per_m3,122785.65943092118,TO_DO
l_L2_E79,metre,6.403999999999999e-07,TO_DO
r_0_L2_E79,metre,9.6524e-06,TO_DO
u_0_L2_E79,J_per_m3,3608.3705083043556,TO_DO
u_ext_L2_E79,J_per_m3,0.0,TO_DO
theta_L2_E79,dimensionless,0.0,TO_DO
u_ext_L2_E80,J_per_m3,0.0,TO_DO
u_0_L2_E80,J_per_m3,45.898490175020314,TO_DO
theta_L2_E80,dimensionless,0.0,TO_DO
E_L2_E80,J_per_m3,195873.32261015842,TO_DO
l_L2_E80,metre,2.2913e-06,TO_DO
r_0_L2_E80,metre,1.62801e-05,TO_DO
E_L2_E81,J_per_m3,109903.41646167092,TO_DO
l_L2_E81,metre,1.03108e-05,TO_DO
r_0_L2_E81,metre,1.03177e-05,TO_DO
u_0_L2_E81,J_per_m3,8.279548411355712,TO_DO
u_ext_L2_E81,J_per_m3,0.0,TO_DO
theta_L2_E81,dimensionless,0.0,TO_DO
E_L2_E82,J_per_m3,181519.59230997914,TO_DO
l_L2_E82,metre,1.7919e-06,TO_DO
r_0_L2_E82,metre,5.785e-06,TO_DO
u_0_L2_E82,J_per_m3,0.7008447500964365,TO_DO
theta_L2_E82,dimensionless,0.0,TO_DO
u_ext_L2_E82,J_per_m3,0.0,TO_DO
E_L2_E83,J_per_m3,205072.86373682565,TO_DO
l_L2_E83,metre,6.947e-07,TO_DO
r_0_L2_E83,metre,5.046599999999999e-06,TO_DO
u_0_L2_E83,J_per_m3,2.51600560080556e-06,TO_DO
u_ext_L2_E83,J_per_m3,0.0,TO_DO
theta_L2_E83,dimensionless,0.0,TO_DO
E_L2_E84,J_per_m3,176912.86968462405,TO_DO
l_L2_E84,metre,7.0575e-06,TO_DO
r_0_L2_E84,metre,5.7819e-06,TO_DO
u_0_L2_E84,J_per_m3,7.548155044057037e-08,TO_DO
theta_L2_E84,dimensionless,0.0,TO_DO
u_ext_L2_E84,J_per_m3,0.0,TO_DO
E_L2_E85,J_per_m3,220522.94351944054,TO_DO
l_L2_E85,metre,1.3468e-06,TO_DO
r_0_L2_E85,metre,8.176699999999999e-06,TO_DO
u_0_L2_E85,J_per_m3,0.0019486551103966576,TO_DO
u_ext_L2_E85,J_per_m3,0.0,TO_DO
theta_L2_E85,dimensionless,0.0,TO_DO
u_ext_L2_E86,J_per_m3,0.0,TO_DO
u_0_L2_E86,J_per_m3,0.5463461253738373,TO_DO
theta_L2_E86,dimensionless,0.0,TO_DO
E_L2_E86,J_per_m3,254225.17144483532,TO_DO
l_L2_E86,metre,5.158e-06,TO_DO
r_0_L2_E86,metre,6.0968e-06,TO_DO
E_L2_E87,J_per_m3,131188.1029702105,TO_DO
l_L2_E87,metre,1.7345999999999999e-06,TO_DO
r_0_L2_E87,metre,6.7914e-06,TO_DO
u_0_L2_E87,J_per_m3,3.1652484621971745e-06,TO_DO
theta_L2_E87,dimensionless,0.0,TO_DO
u_ext_L2_E87,J_per_m3,0.0,TO_DO
E_L2_E88,J_per_m3,174448.59299304622,TO_DO
l_L2_E88,metre,8.0874e-06,TO_DO
r_0_L2_E88,metre,6.3189e-06,TO_DO
u_0_L2_E88,J_per_m3,1.2306851322918533e-05,TO_DO
u_ext_L2_E88,J_per_m3,0.0,TO_DO
theta_L2_E88,dimensionless,0.0,TO_DO
E_L2_E89,J_per_m3,196090.10858989702,TO_DO
l_L2_E89,metre,7.0505000000000005e-06,TO_DO
r_0_L2_E89,metre,1.9573e-06,TO_DO
u_0_L2_E89,J_per_m3,2.985417502734261e-06,TO_DO
u_ext_L2_E89,J_per_m3,0.0,TO_DO
theta_L2_E89,dimensionless,0.0,TO_DO
E_L2_E90,J_per_m3,176319.2591391229,TO_DO
l_L2_E90,metre,3.719e-07,TO_DO
r_0_L2_E90,metre,3.5889999999999996e-07,TO_DO
u_0_L2_E90,J_per_m3,4.374455316283762e-06,TO_DO
theta_L2_E90,dimensionless,0.0,TO_DO
u_ext_L2_E90,J_per_m3,0.0,TO_DO
E_L2_E91,J_per_m3,111139.60252233161,TO_DO
l_L2_E91,metre,8.1275e-06,TO_DO
r_0_L2_E91,metre,2.5777999999999997e-06,TO_DO
u_0_L2_E91,J_per_m3,0.0004901428160616531,TO_DO
u_ext_L2_E91,J_per_m3,0.0,TO_DO
theta_L2_E91,dimensionless,0.0,TO_DO
E_L2_E92,J_per_m3,171288.88273397612,TO_DO
l_L2_E92,metre,2.8863e-06,TO_DO
r_0_L2_E92,metre,1.2695e-06,TO_DO
u_0_L2_E92,J_per_m3,8.489577433823552e-08,TO_DO
theta_L2_E92,dimensionless,0.0,TO_DO
u_ext_L2_E92,J_per_m3,0.0,TO_DO
E_L2_E93,J_per_m3,143548.12737823575,TO_DO
l_L2_E93,metre,8.037000000000001e-06,TO_DO
r_0_L2_E93,metre,2.4506e-06,TO_DO
u_0_L2_E93,J_per_m3,0.052863976793300405,TO_DO
u_ext_L2_E93,J_per_m3,0.0,TO_DO
theta_L2_E93,dimensionless,0.0,TO_DO
E_L2_E94,J_per_m3,100353.3012435522,TO_DO
l_L2_E94,metre,3.9041e-06,TO_DO
r_0_L2_E94,metre,4.6627e-06,TO_DO
u_0_L2_E94,J_per_m3,0.0002255023695845182,TO_DO
theta_L2_E94,dimensionless,0.0,TO_DO
u_ext_L2_E94,J_per_m3,0.0,TO_DO
u_ext_L2_E95,J_per_m3,0.0,TO_DO
u_0_L2_E95,J_per_m3,8.610762091776358e-05,TO_DO
theta_L2_E95,dimensionless,0.0,TO_DO
E_L2_E95,J_per_m3,193810.37227320208,TO_DO
l_L2_E95,metre,3.6474e-06,TO_DO
r_0_L2_E95,metre,3.1373e-06,TO_DO
P_L2_E47_PI,J_per_m3,6666.12,TO_DO
P_L2_E48_PI,J_per_m3,6666.12,TO_DO
P_L2_E79_PI,J_per_m3,6666.12,TO_DO
P_L2_E9_PO,J_per_m3,666.612,TO_DO
P_L2_E13_PO,J_per_m3,666.612,TO_DO
P_L2_E16_PO,J_per_m3,666.612,TO_DO
P_L2_E20_PO,J_per_m3,666.612,TO_DO
P_L2_E40_PO,J_per_m3,666.612,TO_DO
P_L2_E45_PO,J_per_m3,666.612,TO_DO
P_L2_E46_PO,J_per_m3,666.612,TO_DO
